file,unsplash_occurrences,unique_before,unique_after,pool
ai-automation-agency.html,4,4,4,auto
ai-saas.html,4,4,4,tech
animation-studio.html,4,4,4,creative
app-development.html,4,4,4,industry
architect.html,4,4,4,real_estate
architecture-minimal.html,4,4,4,real_estate
arka-automobile.html,7,7,7,auto
artist-gallery.html,4,4,4,creative
author-portfolio.html,4,4,4,agency
automobile-workshop.html,4,4,4,auto
ayurvedic-clinic.html,4,4,4,health
b2b-manufacturer.html,4,4,4,industry
bakery.html,4,4,4,food
banquet-hall.html,4,4,4,events
bar-lounge.html,4,4,4,food
barber-shop.html,4,4,4,food
beauty-ecommerce.html,4,4,4,beauty
bike-showroom.html,4,4,4,auto
birthday-planner.html,4,4,4,events
blackapex.html,4,4,4,agency
blockchain-startup.html,4,4,4,tech
bookstore.html,4,4,4,agency
branding-studio.html,4,4,4,creative
bridal-boutique.html,4,4,4,beauty
bsx-3d-product-rendering-atelier.html,6,2,6,creative
bsx-3d-product-rendering-booking.html,6,2,6,creative
bsx-3d-product-rendering-commerce.html,6,2,6,creative
bsx-3d-product-rendering-enterprise.html,6,2,6,creative
bsx-3d-product-rendering-local.html,6,2,6,creative
bsx-3d-product-rendering-magazine.html,6,2,6,creative
bsx-3d-product-rendering-signal.html,6,2,6,creative
bsx-3d-product-rendering-trust.html,6,2,6,creative
bsx-adaptive-learning-saas-atelier.html,6,2,6,education
bsx-adaptive-learning-saas-booking.html,6,2,6,education
bsx-adaptive-learning-saas-commerce.html,6,2,6,education
bsx-adaptive-learning-saas-enterprise.html,6,2,6,education
bsx-adaptive-learning-saas-local.html,6,2,6,education
bsx-adaptive-learning-saas-magazine.html,6,2,6,education
bsx-adaptive-learning-saas-signal.html,6,2,6,education
bsx-adaptive-learning-saas-trust.html,6,2,6,education
bsx-ai-customer-support-suite-atelier.html,6,2,6,tech
bsx-ai-customer-support-suite-booking.html,6,2,6,tech
bsx-ai-customer-support-suite-commerce.html,6,2,6,tech
bsx-ai-customer-support-suite-enterprise.html,6,2,6,tech
bsx-ai-customer-support-suite-local.html,6,2,6,tech
bsx-ai-customer-support-suite-magazine.html,6,2,6,tech
bsx-ai-customer-support-suite-signal.html,6,2,6,tech
bsx-ai-customer-support-suite-trust.html,6,2,6,tech
bsx-ai-recruitment-screening-atelier.html,6,2,6,tech
bsx-ai-recruitment-screening-booking.html,6,2,5,tech
bsx-ai-recruitment-screening-commerce.html,6,2,6,tech
bsx-ai-recruitment-screening-enterprise.html,6,2,6,tech
bsx-ai-recruitment-screening-local.html,6,2,6,tech
bsx-ai-recruitment-screening-magazine.html,6,2,6,tech
bsx-ai-recruitment-screening-signal.html,6,2,6,tech
bsx-ai-recruitment-screening-trust.html,6,2,6,tech
bsx-ai-video-ad-maker-atelier.html,4,4,4,creative
bsx-ai-video-ad-maker-booking.html,4,4,4,creative
bsx-ai-video-ad-maker-commerce.html,4,4,4,creative
bsx-ai-video-ad-maker-enterprise.html,4,4,4,creative
bsx-ai-video-ad-maker-local.html,4,4,4,creative
bsx-ai-video-ad-maker-magazine.html,4,4,4,creative
bsx-ai-video-ad-maker-signal.html,4,4,4,creative
bsx-ai-video-ad-maker-trust.html,4,4,4,creative
bsx-architectural-lighting-studio-atelier.html,6,2,6,real_estate
bsx-architectural-lighting-studio-booking.html,6,2,6,real_estate
bsx-architectural-lighting-studio-commerce.html,6,2,6,real_estate
bsx-architectural-lighting-studio-enterprise.html,6,2,6,real_estate
bsx-architectural-lighting-studio-local.html,6,2,5,real_estate
bsx-architectural-lighting-studio-magazine.html,6,2,6,real_estate
bsx-architectural-lighting-studio-signal.html,6,2,6,real_estate
bsx-architectural-lighting-studio-trust.html,6,2,6,real_estate
bsx-art-investment-gallery-atelier.html,6,2,6,creative
bsx-art-investment-gallery-booking.html,6,2,6,creative
bsx-art-investment-gallery-commerce.html,6,2,6,creative
bsx-art-investment-gallery-enterprise.html,6,2,6,creative
bsx-art-investment-gallery-local.html,6,2,6,creative
bsx-art-investment-gallery-magazine.html,6,2,6,creative
bsx-art-investment-gallery-signal.html,6,2,6,creative
bsx-art-investment-gallery-trust.html,6,2,6,creative
bsx-artisan-chocolate-brand-atelier.html,6,2,5,food
bsx-artisan-chocolate-brand-booking.html,6,2,6,food
bsx-artisan-chocolate-brand-commerce.html,6,2,6,food
bsx-artisan-chocolate-brand-enterprise.html,6,2,6,food
bsx-artisan-chocolate-brand-local.html,6,2,6,food
bsx-artisan-chocolate-brand-magazine.html,6,2,6,food
bsx-artisan-chocolate-brand-signal.html,6,2,6,food
bsx-artisan-chocolate-brand-trust.html,6,2,6,food
bsx-ayurveda-wellness-retreat-atelier.html,6,2,6,health
bsx-ayurveda-wellness-retreat-booking.html,6,2,6,health
bsx-ayurveda-wellness-retreat-commerce.html,6,2,6,health
bsx-ayurveda-wellness-retreat-enterprise.html,6,2,6,health
bsx-ayurveda-wellness-retreat-local.html,6,2,5,health
bsx-ayurveda-wellness-retreat-magazine.html,6,2,6,health
bsx-ayurveda-wellness-retreat-signal.html,6,2,6,health
bsx-ayurveda-wellness-retreat-trust.html,6,2,6,health
bsx-b2b-spare-parts-market-atelier.html,6,2,6,health
bsx-b2b-spare-parts-market-booking.html,6,2,6,health
bsx-b2b-spare-parts-market-commerce.html,6,2,6,health
bsx-b2b-spare-parts-market-enterprise.html,6,2,6,health
bsx-b2b-spare-parts-market-local.html,6,2,6,health
bsx-b2b-spare-parts-market-magazine.html,6,2,6,health
bsx-b2b-spare-parts-market-signal.html,6,2,6,health
bsx-b2b-spare-parts-market-trust.html,6,2,6,health
bsx-baking-masterclass-academy-atelier.html,6,2,6,education
bsx-baking-masterclass-academy-booking.html,6,2,6,education
bsx-baking-masterclass-academy-commerce.html,6,2,6,education
bsx-baking-masterclass-academy-enterprise.html,6,2,6,education
bsx-baking-masterclass-academy-local.html,6,2,6,education
bsx-baking-masterclass-academy-magazine.html,6,2,5,education
bsx-baking-masterclass-academy-signal.html,6,2,6,education
bsx-baking-masterclass-academy-trust.html,6,2,6,education
bsx-bamboo-home-products-atelier.html,6,2,6,industry
bsx-bamboo-home-products-booking.html,6,2,6,industry
bsx-bamboo-home-products-commerce.html,6,2,6,industry
bsx-bamboo-home-products-enterprise.html,6,2,6,industry
bsx-bamboo-home-products-local.html,6,2,6,industry
bsx-bamboo-home-products-magazine.html,6,2,5,industry
bsx-bamboo-home-products-signal.html,6,2,6,industry
bsx-bamboo-home-products-trust.html,6,2,6,industry
bsx-bespoke-tailoring-house-atelier.html,6,2,6,agency
bsx-bespoke-tailoring-house-booking.html,6,2,6,agency
bsx-bespoke-tailoring-house-commerce.html,6,2,6,agency
bsx-bespoke-tailoring-house-enterprise.html,6,2,5,agency
bsx-bespoke-tailoring-house-local.html,6,2,6,agency
bsx-bespoke-tailoring-house-magazine.html,6,2,6,agency
bsx-bespoke-tailoring-house-signal.html,6,2,6,agency
bsx-bespoke-tailoring-house-trust.html,6,2,6,agency
bsx-book-cafe-community-atelier.html,6,2,6,food
bsx-book-cafe-community-booking.html,6,2,6,food
bsx-book-cafe-community-commerce.html,6,2,6,food
bsx-book-cafe-community-enterprise.html,6,2,6,food
bsx-book-cafe-community-local.html,6,2,6,food
bsx-book-cafe-community-magazine.html,6,2,6,food
bsx-book-cafe-community-signal.html,6,2,6,food
bsx-book-cafe-community-trust.html,6,2,6,food
bsx-boutique-publishing-house-atelier.html,6,2,6,beauty
bsx-boutique-publishing-house-booking.html,6,2,6,beauty
bsx-boutique-publishing-house-commerce.html,6,2,6,beauty
bsx-boutique-publishing-house-enterprise.html,6,2,6,beauty
bsx-boutique-publishing-house-local.html,6,2,6,beauty
bsx-boutique-publishing-house-magazine.html,6,2,6,beauty
bsx-boutique-publishing-house-signal.html,6,2,6,beauty
bsx-boutique-publishing-house-trust.html,6,2,6,beauty
bsx-ceramic-tableware-brand-atelier.html,6,2,6,agency
bsx-ceramic-tableware-brand-booking.html,6,2,6,agency
bsx-ceramic-tableware-brand-commerce.html,6,2,6,agency
bsx-ceramic-tableware-brand-enterprise.html,6,2,6,agency
bsx-ceramic-tableware-brand-local.html,6,2,6,agency
bsx-ceramic-tableware-brand-magazine.html,6,2,6,agency
bsx-ceramic-tableware-brand-signal.html,6,2,6,agency
bsx-ceramic-tableware-brand-trust.html,6,2,6,agency
bsx-city-marathon-event-atelier.html,6,2,6,health
bsx-city-marathon-event-booking.html,6,2,6,health
bsx-city-marathon-event-commerce.html,6,2,6,health
bsx-city-marathon-event-enterprise.html,6,2,6,health
bsx-city-marathon-event-local.html,6,2,6,health
bsx-city-marathon-event-magazine.html,6,2,6,health
bsx-city-marathon-event-signal.html,6,2,6,health
bsx-city-marathon-event-trust.html,6,2,6,health
bsx-clinic-appointment-saas-atelier.html,6,2,6,health
bsx-clinic-appointment-saas-booking.html,6,2,6,health
bsx-clinic-appointment-saas-commerce.html,6,2,6,health
bsx-clinic-appointment-saas-enterprise.html,6,2,6,health
bsx-clinic-appointment-saas-local.html,6,2,6,health
bsx-clinic-appointment-saas-magazine.html,6,2,6,health
bsx-clinic-appointment-saas-signal.html,6,2,6,health
bsx-clinic-appointment-saas-trust.html,6,2,6,health
bsx-cloud-accounting-desk-atelier.html,6,2,6,finance
bsx-cloud-accounting-desk-booking.html,6,2,6,finance
bsx-cloud-accounting-desk-commerce.html,6,2,6,finance
bsx-cloud-accounting-desk-enterprise.html,6,2,6,finance
bsx-cloud-accounting-desk-local.html,6,2,6,finance
bsx-cloud-accounting-desk-magazine.html,6,2,6,finance
bsx-cloud-accounting-desk-signal.html,6,2,6,finance
bsx-cloud-accounting-desk-trust.html,6,2,6,finance
bsx-cnc-prototype-factory-atelier.html,6,2,6,industry
bsx-cnc-prototype-factory-booking.html,6,2,6,industry
bsx-cnc-prototype-factory-commerce.html,6,2,6,industry
bsx-cnc-prototype-factory-enterprise.html,6,2,6,industry
bsx-cnc-prototype-factory-local.html,6,2,6,industry
bsx-cnc-prototype-factory-magazine.html,6,2,6,industry
bsx-cnc-prototype-factory-signal.html,6,2,6,industry
bsx-cnc-prototype-factory-trust.html,6,2,6,industry
bsx-college-festival-portal-atelier.html,6,2,6,education
bsx-college-festival-portal-booking.html,6,2,6,education
bsx-college-festival-portal-commerce.html,6,2,6,education
bsx-college-festival-portal-enterprise.html,6,2,6,education
bsx-college-festival-portal-local.html,6,2,6,education
bsx-college-festival-portal-magazine.html,6,2,6,education
bsx-college-festival-portal-signal.html,6,2,6,education
bsx-college-festival-portal-trust.html,6,2,6,education
bsx-community-sports-club-atelier.html,6,2,6,health
bsx-community-sports-club-booking.html,6,2,6,health
bsx-community-sports-club-commerce.html,6,2,6,health
bsx-community-sports-club-enterprise.html,6,2,6,health
bsx-community-sports-club-local.html,6,2,6,health
bsx-community-sports-club-magazine.html,6,2,6,health
bsx-community-sports-club-signal.html,6,2,6,health
bsx-community-sports-club-trust.html,6,2,6,health
bsx-corporate-gifting-studio-atelier.html,6,2,6,creative
bsx-corporate-gifting-studio-booking.html,6,2,6,creative
bsx-corporate-gifting-studio-commerce.html,6,2,6,creative
bsx-corporate-gifting-studio-enterprise.html,6,2,6,creative
bsx-corporate-gifting-studio-local.html,6,2,6,creative
bsx-corporate-gifting-studio-magazine.html,6,2,6,creative
bsx-corporate-gifting-studio-signal.html,6,2,6,creative
bsx-corporate-gifting-studio-trust.html,6,2,6,creative
bsx-corporate-wellness-platform-atelier.html,6,2,6,health
bsx-corporate-wellness-platform-booking.html,6,2,6,health
bsx-corporate-wellness-platform-commerce.html,6,2,6,health
bsx-corporate-wellness-platform-enterprise.html,6,2,6,health
bsx-corporate-wellness-platform-local.html,6,2,6,health
bsx-corporate-wellness-platform-magazine.html,6,2,6,health
bsx-corporate-wellness-platform-signal.html,6,2,6,health
bsx-corporate-wellness-platform-trust.html,6,2,6,health
bsx-creative-recruitment-agency-atelier.html,6,2,6,creative
bsx-creative-recruitment-agency-booking.html,6,2,6,creative
bsx-creative-recruitment-agency-commerce.html,6,2,6,creative
bsx-creative-recruitment-agency-enterprise.html,6,2,6,creative
bsx-creative-recruitment-agency-local.html,6,2,6,creative
bsx-creative-recruitment-agency-magazine.html,6,2,6,creative
bsx-creative-recruitment-agency-signal.html,6,2,6,creative
bsx-creative-recruitment-agency-trust.html,6,2,6,creative
bsx-devops-monitoring-platform-atelier.html,6,2,6,industry
bsx-devops-monitoring-platform-booking.html,6,2,6,industry
bsx-devops-monitoring-platform-commerce.html,6,2,6,industry
bsx-devops-monitoring-platform-enterprise.html,6,2,6,industry
bsx-devops-monitoring-platform-local.html,6,2,6,industry
bsx-devops-monitoring-platform-magazine.html,6,2,6,industry
bsx-devops-monitoring-platform-signal.html,6,2,6,industry
bsx-devops-monitoring-platform-trust.html,6,2,6,industry
bsx-diagnostic-imaging-centre-atelier.html,6,2,6,agency
bsx-diagnostic-imaging-centre-booking.html,6,2,6,agency
bsx-diagnostic-imaging-centre-commerce.html,6,2,6,agency
bsx-diagnostic-imaging-centre-enterprise.html,6,2,6,agency
bsx-diagnostic-imaging-centre-local.html,6,2,6,agency
bsx-diagnostic-imaging-centre-magazine.html,6,2,6,agency
bsx-diagnostic-imaging-centre-signal.html,6,2,6,agency
bsx-diagnostic-imaging-centre-trust.html,6,2,6,agency
bsx-digital-law-chambers-atelier.html,6,2,6,legal
bsx-digital-law-chambers-booking.html,6,2,6,legal
bsx-digital-law-chambers-commerce.html,6,2,6,legal
bsx-digital-law-chambers-enterprise.html,6,2,6,legal
bsx-digital-law-chambers-local.html,6,2,6,legal
bsx-digital-law-chambers-magazine.html,6,2,6,legal
bsx-digital-law-chambers-signal.html,6,2,6,legal
bsx-digital-law-chambers-trust.html,6,2,5,legal
bsx-direct-to-fan-music-atelier.html,6,2,6,agency
bsx-direct-to-fan-music-booking.html,6,2,6,agency
bsx-direct-to-fan-music-commerce.html,6,2,6,agency
bsx-direct-to-fan-music-enterprise.html,6,2,6,agency
bsx-direct-to-fan-music-local.html,6,2,6,agency
bsx-direct-to-fan-music-magazine.html,6,2,6,agency
bsx-direct-to-fan-music-signal.html,6,2,6,agency
bsx-direct-to-fan-music-trust.html,6,2,6,agency
bsx-drone-wedding-films-atelier.html,6,2,6,events
bsx-drone-wedding-films-booking.html,6,2,5,events
bsx-drone-wedding-films-commerce.html,6,2,6,events
bsx-drone-wedding-films-enterprise.html,6,2,6,events
bsx-drone-wedding-films-local.html,6,2,6,events
bsx-drone-wedding-films-magazine.html,6,2,6,events
bsx-drone-wedding-films-signal.html,6,2,6,events
bsx-drone-wedding-films-trust.html,6,2,6,events
bsx-eco-tourism-camp-atelier.html,6,2,6,travel
bsx-eco-tourism-camp-booking.html,6,2,6,travel
bsx-eco-tourism-camp-commerce.html,6,2,6,travel
bsx-eco-tourism-camp-enterprise.html,6,2,6,travel
bsx-eco-tourism-camp-local.html,6,2,6,travel
bsx-eco-tourism-camp-magazine.html,6,2,6,travel
bsx-eco-tourism-camp-signal.html,6,2,6,travel
bsx-eco-tourism-camp-trust.html,6,2,6,travel
bsx-edtech-test-prep-atelier.html,6,2,6,tech
bsx-edtech-test-prep-booking.html,6,2,6,tech
bsx-edtech-test-prep-commerce.html,6,2,6,tech
bsx-edtech-test-prep-enterprise.html,6,2,6,tech
bsx-edtech-test-prep-local.html,6,2,6,tech
bsx-edtech-test-prep-magazine.html,6,2,6,tech
bsx-edtech-test-prep-signal.html,6,2,6,tech
bsx-edtech-test-prep-trust.html,6,2,6,tech
bsx-electric-bike-showroom-atelier.html,6,2,6,auto
bsx-electric-bike-showroom-booking.html,6,2,6,auto
bsx-electric-bike-showroom-commerce.html,6,2,6,auto
bsx-electric-bike-showroom-enterprise.html,6,2,6,auto
bsx-electric-bike-showroom-local.html,6,2,6,auto
bsx-electric-bike-showroom-magazine.html,6,2,6,auto
bsx-electric-bike-showroom-signal.html,6,2,6,auto
bsx-electric-bike-showroom-trust.html,6,2,6,auto
bsx-electrician-service-network-atelier.html,6,2,6,agency
bsx-electrician-service-network-booking.html,6,2,6,agency
bsx-electrician-service-network-commerce.html,6,2,6,agency
bsx-electrician-service-network-enterprise.html,6,2,6,agency
bsx-electrician-service-network-local.html,6,2,6,agency
bsx-electrician-service-network-magazine.html,6,2,6,agency
bsx-electrician-service-network-signal.html,6,2,6,agency
bsx-electrician-service-network-trust.html,6,2,6,agency
bsx-event-ticketing-platform-atelier.html,6,2,6,industry
bsx-event-ticketing-platform-booking.html,6,2,6,industry
bsx-event-ticketing-platform-commerce.html,6,2,6,industry
bsx-event-ticketing-platform-enterprise.html,6,2,6,industry
bsx-event-ticketing-platform-local.html,6,2,6,industry
bsx-event-ticketing-platform-magazine.html,6,2,6,industry
bsx-event-ticketing-platform-signal.html,6,2,6,industry
bsx-event-ticketing-platform-trust.html,6,2,6,industry
bsx-export-documentation-desk-atelier.html,6,2,6,agency
bsx-export-documentation-desk-booking.html,6,2,6,agency
bsx-export-documentation-desk-commerce.html,6,2,6,agency
bsx-export-documentation-desk-enterprise.html,6,2,6,agency
bsx-export-documentation-desk-local.html,6,2,6,agency
bsx-export-documentation-desk-magazine.html,6,2,6,agency
bsx-export-documentation-desk-signal.html,6,2,6,agency
bsx-export-documentation-desk-trust.html,6,2,6,agency
bsx-farm-to-table-restaurant-atelier.html,6,2,6,food
bsx-farm-to-table-restaurant-booking.html,6,2,6,food
bsx-farm-to-table-restaurant-commerce.html,6,2,6,food
bsx-farm-to-table-restaurant-enterprise.html,6,2,6,food
bsx-farm-to-table-restaurant-local.html,6,2,6,food
bsx-farm-to-table-restaurant-magazine.html,6,2,6,food
bsx-farm-to-table-restaurant-signal.html,6,2,6,food
bsx-farm-to-table-restaurant-trust.html,6,2,6,food
bsx-film-color-grading-studio-atelier.html,6,2,6,creative
bsx-film-color-grading-studio-booking.html,6,2,6,creative
bsx-film-color-grading-studio-commerce.html,6,2,6,creative
bsx-film-color-grading-studio-enterprise.html,6,2,5,creative
bsx-film-color-grading-studio-local.html,6,2,6,creative
bsx-film-color-grading-studio-magazine.html,6,2,6,creative
bsx-film-color-grading-studio-signal.html,6,2,6,creative
bsx-film-color-grading-studio-trust.html,6,2,6,creative
bsx-founder-pr-advisory-atelier.html,6,2,6,agency
bsx-founder-pr-advisory-booking.html,6,2,6,agency
bsx-founder-pr-advisory-commerce.html,6,2,5,agency
bsx-founder-pr-advisory-enterprise.html,6,2,6,agency
bsx-founder-pr-advisory-local.html,6,2,6,agency
bsx-founder-pr-advisory-magazine.html,6,2,6,agency
bsx-founder-pr-advisory-signal.html,6,2,5,agency
bsx-founder-pr-advisory-trust.html,6,2,6,agency
bsx-green-building-consultants-atelier.html,6,2,6,agency
bsx-green-building-consultants-booking.html,6,2,6,agency
bsx-green-building-consultants-commerce.html,6,2,6,agency
bsx-green-building-consultants-enterprise.html,6,2,6,agency
bsx-green-building-consultants-local.html,6,2,6,agency
bsx-green-building-consultants-magazine.html,6,2,6,agency
bsx-green-building-consultants-signal.html,6,2,6,agency
bsx-green-building-consultants-trust.html,6,2,6,agency
bsx-heritage-hotel-palace-atelier.html,6,2,6,travel
bsx-heritage-hotel-palace-booking.html,6,2,6,travel
bsx-heritage-hotel-palace-commerce.html,6,2,6,travel
bsx-heritage-hotel-palace-enterprise.html,6,2,6,travel
bsx-heritage-hotel-palace-local.html,6,2,5,travel
bsx-heritage-hotel-palace-magazine.html,6,2,6,travel
bsx-heritage-hotel-palace-signal.html,6,2,5,travel
bsx-heritage-hotel-palace-trust.html,6,2,6,travel
bsx-home-health-nursing-atelier.html,6,2,6,health
bsx-home-health-nursing-booking.html,6,2,6,health
bsx-home-health-nursing-commerce.html,6,2,6,health
bsx-home-health-nursing-enterprise.html,6,2,6,health
bsx-home-health-nursing-local.html,6,2,6,health
bsx-home-health-nursing-magazine.html,6,2,6,health
bsx-home-health-nursing-signal.html,6,2,6,health
bsx-home-health-nursing-trust.html,6,2,6,health
bsx-hotel-management-college-atelier.html,6,2,6,education
bsx-hotel-management-college-booking.html,6,2,6,education
bsx-hotel-management-college-commerce.html,6,2,6,education
bsx-hotel-management-college-enterprise.html,6,2,6,education
bsx-hotel-management-college-local.html,6,2,6,education
bsx-hotel-management-college-magazine.html,6,2,6,education
bsx-hotel-management-college-signal.html,6,2,6,education
bsx-hotel-management-college-trust.html,6,2,5,education
bsx-hyperlocal-grocery-app-atelier.html,6,2,6,tech
bsx-hyperlocal-grocery-app-booking.html,6,2,6,tech
bsx-hyperlocal-grocery-app-commerce.html,6,2,6,tech
bsx-hyperlocal-grocery-app-enterprise.html,6,2,6,tech
bsx-hyperlocal-grocery-app-local.html,6,2,6,tech
bsx-hyperlocal-grocery-app-magazine.html,6,2,6,tech
bsx-hyperlocal-grocery-app-signal.html,6,2,6,tech
bsx-hyperlocal-grocery-app-trust.html,6,2,6,tech
bsx-hyperlocal-job-board-atelier.html,6,2,6,agency
bsx-hyperlocal-job-board-booking.html,6,2,6,agency
bsx-hyperlocal-job-board-commerce.html,6,2,6,agency
bsx-hyperlocal-job-board-enterprise.html,6,2,6,agency
bsx-hyperlocal-job-board-local.html,6,2,6,agency
bsx-hyperlocal-job-board-magazine.html,6,2,6,agency
bsx-hyperlocal-job-board-signal.html,6,2,6,agency
bsx-hyperlocal-job-board-trust.html,6,2,5,agency
bsx-indie-game-studio-atelier.html,6,2,6,creative
bsx-indie-game-studio-booking.html,6,2,6,creative
bsx-indie-game-studio-commerce.html,6,2,6,creative
bsx-indie-game-studio-enterprise.html,6,2,6,creative
bsx-indie-game-studio-local.html,6,2,6,creative
bsx-indie-game-studio-magazine.html,6,2,6,creative
bsx-indie-game-studio-signal.html,6,2,6,creative
bsx-indie-game-studio-trust.html,6,2,6,creative
bsx-industrial-hvac-company-atelier.html,6,2,6,industry
bsx-industrial-hvac-company-booking.html,6,2,6,industry
bsx-industrial-hvac-company-commerce.html,6,2,6,industry
bsx-industrial-hvac-company-enterprise.html,6,2,6,industry
bsx-industrial-hvac-company-local.html,6,2,6,industry
bsx-industrial-hvac-company-magazine.html,6,2,6,industry
bsx-industrial-hvac-company-signal.html,6,2,6,industry
bsx-industrial-hvac-company-trust.html,6,2,6,industry
bsx-industrial-safety-training-atelier.html,6,2,6,education
bsx-industrial-safety-training-booking.html,6,2,6,education
bsx-industrial-safety-training-commerce.html,6,2,6,education
bsx-industrial-safety-training-enterprise.html,6,2,6,education
bsx-industrial-safety-training-local.html,6,2,6,education
bsx-industrial-safety-training-magazine.html,6,2,6,education
bsx-industrial-safety-training-signal.html,6,2,6,education
bsx-industrial-safety-training-trust.html,6,2,6,education
bsx-interior-material-library-atelier.html,6,2,6,real_estate
bsx-interior-material-library-booking.html,6,2,6,real_estate
bsx-interior-material-library-commerce.html,6,2,6,real_estate
bsx-interior-material-library-enterprise.html,6,2,6,real_estate
bsx-interior-material-library-local.html,6,2,6,real_estate
bsx-interior-material-library-magazine.html,6,2,6,real_estate
bsx-interior-material-library-signal.html,6,2,6,real_estate
bsx-interior-material-library-trust.html,6,2,6,real_estate
bsx-kids-learning-lab-atelier.html,6,2,6,education
bsx-kids-learning-lab-booking.html,6,2,6,education
bsx-kids-learning-lab-commerce.html,6,2,6,education
bsx-kids-learning-lab-enterprise.html,6,2,6,education
bsx-kids-learning-lab-local.html,6,2,6,education
bsx-kids-learning-lab-magazine.html,6,2,6,education
bsx-kids-learning-lab-signal.html,6,2,6,education
bsx-kids-learning-lab-trust.html,6,2,6,education
bsx-lab-grown-diamond-store-atelier.html,6,2,5,luxury
bsx-lab-grown-diamond-store-booking.html,6,2,6,luxury
bsx-lab-grown-diamond-store-commerce.html,6,2,6,luxury
bsx-lab-grown-diamond-store-enterprise.html,6,2,6,luxury
bsx-lab-grown-diamond-store-local.html,6,2,6,luxury
bsx-lab-grown-diamond-store-magazine.html,6,2,6,luxury
bsx-lab-grown-diamond-store-signal.html,6,2,6,luxury
bsx-lab-grown-diamond-store-trust.html,6,2,6,luxury
bsx-language-translation-bureau-atelier.html,6,2,6,agency
bsx-language-translation-bureau-booking.html,6,2,6,agency
bsx-language-translation-bureau-commerce.html,6,2,6,agency
bsx-language-translation-bureau-enterprise.html,6,2,6,agency
bsx-language-translation-bureau-local.html,6,2,6,agency
bsx-language-translation-bureau-magazine.html,6,2,6,agency
bsx-language-translation-bureau-signal.html,6,2,6,agency
bsx-language-translation-bureau-trust.html,6,2,5,agency
bsx-local-dairy-delivery-atelier.html,6,2,6,food
bsx-local-dairy-delivery-booking.html,6,2,6,food
bsx-local-dairy-delivery-commerce.html,6,2,6,food
bsx-local-dairy-delivery-enterprise.html,6,2,6,food
bsx-local-dairy-delivery-local.html,6,2,6,food
bsx-local-dairy-delivery-magazine.html,6,2,6,food
bsx-local-dairy-delivery-signal.html,6,2,6,food
bsx-local-dairy-delivery-trust.html,6,2,6,food
bsx-luxury-car-detailing-atelier.html,6,2,6,luxury
bsx-luxury-car-detailing-booking.html,6,2,6,luxury
bsx-luxury-car-detailing-commerce.html,6,2,6,luxury
bsx-luxury-car-detailing-enterprise.html,6,2,6,luxury
bsx-luxury-car-detailing-local.html,6,2,6,luxury
bsx-luxury-car-detailing-magazine.html,6,2,6,luxury
bsx-luxury-car-detailing-signal.html,6,2,6,luxury
bsx-luxury-car-detailing-trust.html,6,2,6,luxury
bsx-luxury-villa-rentals-atelier.html,6,2,6,luxury
bsx-luxury-villa-rentals-booking.html,6,2,6,luxury
bsx-luxury-villa-rentals-commerce.html,6,2,6,luxury
bsx-luxury-villa-rentals-enterprise.html,6,2,6,luxury
bsx-luxury-villa-rentals-local.html,6,2,6,luxury
bsx-luxury-villa-rentals-magazine.html,6,2,6,luxury
bsx-luxury-villa-rentals-signal.html,6,2,6,luxury
bsx-luxury-villa-rentals-trust.html,6,2,6,luxury
bsx-luxury-watch-resale-atelier.html,6,2,6,luxury
bsx-luxury-watch-resale-booking.html,6,2,6,luxury
bsx-luxury-watch-resale-commerce.html,6,2,6,luxury
bsx-luxury-watch-resale-enterprise.html,6,2,6,luxury
bsx-luxury-watch-resale-local.html,6,2,6,luxury
bsx-luxury-watch-resale-magazine.html,6,2,6,luxury
bsx-luxury-watch-resale-signal.html,6,2,6,luxury
bsx-luxury-watch-resale-trust.html,6,2,6,luxury
bsx-marine-logistics-atelier.html,6,2,6,industry
bsx-marine-logistics-booking.html,6,2,6,industry
bsx-marine-logistics-commerce.html,6,2,6,industry
bsx-marine-logistics-enterprise.html,6,2,6,industry
bsx-marine-logistics-local.html,6,2,6,industry
bsx-marine-logistics-magazine.html,6,2,6,industry
bsx-marine-logistics-signal.html,6,2,6,industry
bsx-marine-logistics-trust.html,6,2,6,industry
bsx-medical-cannula-manufacturing-atelier.html,6,2,6,health
bsx-medical-cannula-manufacturing-booking.html,6,2,6,health
bsx-medical-cannula-manufacturing-commerce.html,6,2,6,health
bsx-medical-cannula-manufacturing-enterprise.html,6,2,6,health
bsx-medical-cannula-manufacturing-local.html,6,2,6,health
bsx-medical-cannula-manufacturing-magazine.html,6,2,6,health
bsx-medical-cannula-manufacturing-signal.html,6,2,6,health
bsx-medical-cannula-manufacturing-trust.html,6,2,6,health
bsx-microbrewery-experience-atelier.html,6,2,6,agency
bsx-microbrewery-experience-booking.html,6,2,6,agency
bsx-microbrewery-experience-commerce.html,6,2,6,agency
bsx-microbrewery-experience-enterprise.html,6,2,6,agency
bsx-microbrewery-experience-local.html,6,2,6,agency
bsx-microbrewery-experience-magazine.html,6,2,6,agency
bsx-microbrewery-experience-signal.html,6,2,6,agency
bsx-microbrewery-experience-trust.html,6,2,6,agency
bsx-microfinance-branchless-atelier.html,6,2,6,finance
bsx-microfinance-branchless-booking.html,6,2,6,finance
bsx-microfinance-branchless-commerce.html,6,2,6,finance
bsx-microfinance-branchless-enterprise.html,6,2,6,finance
bsx-microfinance-branchless-local.html,6,2,6,finance
bsx-microfinance-branchless-magazine.html,6,2,6,finance
bsx-microfinance-branchless-signal.html,6,2,6,finance
bsx-microfinance-branchless-trust.html,6,2,6,finance
bsx-mobile-repair-lab-atelier.html,6,2,6,agency
bsx-mobile-repair-lab-booking.html,6,2,6,agency
bsx-mobile-repair-lab-commerce.html,6,2,6,agency
bsx-mobile-repair-lab-enterprise.html,6,2,6,agency
bsx-mobile-repair-lab-local.html,6,2,6,agency
bsx-mobile-repair-lab-magazine.html,6,2,6,agency
bsx-mobile-repair-lab-signal.html,6,2,6,agency
bsx-mobile-repair-lab-trust.html,6,2,6,agency
bsx-modular-kitchen-studio-atelier.html,6,2,6,real_estate
bsx-modular-kitchen-studio-booking.html,6,2,6,real_estate
bsx-modular-kitchen-studio-commerce.html,6,2,6,real_estate
bsx-modular-kitchen-studio-enterprise.html,6,2,6,real_estate
bsx-modular-kitchen-studio-local.html,6,2,6,real_estate
bsx-modular-kitchen-studio-magazine.html,6,2,6,real_estate
bsx-modular-kitchen-studio-signal.html,6,2,6,real_estate
bsx-modular-kitchen-studio-trust.html,6,2,6,real_estate
bsx-museum-learning-centre-atelier.html,6,2,6,education
bsx-museum-learning-centre-booking.html,6,2,6,education
bsx-museum-learning-centre-commerce.html,6,2,6,education
bsx-museum-learning-centre-enterprise.html,6,2,6,education
bsx-museum-learning-centre-local.html,6,2,6,education
bsx-museum-learning-centre-magazine.html,6,2,6,education
bsx-museum-learning-centre-signal.html,6,2,6,education
bsx-museum-learning-centre-trust.html,6,2,6,education
bsx-neon-fintech-card-atelier.html,6,2,6,auto
bsx-neon-fintech-card-booking.html,6,2,6,auto
bsx-neon-fintech-card-commerce.html,6,2,6,auto
bsx-neon-fintech-card-enterprise.html,6,2,6,auto
bsx-neon-fintech-card-local.html,6,2,6,auto
bsx-neon-fintech-card-magazine.html,6,2,6,auto
bsx-neon-fintech-card-signal.html,6,2,6,auto
bsx-neon-fintech-card-trust.html,6,2,6,auto
bsx-online-dance-conservatory-atelier.html,6,2,6,agency
bsx-online-dance-conservatory-booking.html,6,2,6,agency
bsx-online-dance-conservatory-commerce.html,6,2,6,agency
bsx-online-dance-conservatory-enterprise.html,6,2,6,agency
bsx-online-dance-conservatory-local.html,6,2,6,agency
bsx-online-dance-conservatory-magazine.html,6,2,6,agency
bsx-online-dance-conservatory-signal.html,6,2,6,agency
bsx-online-dance-conservatory-trust.html,6,2,6,agency
bsx-organic-tea-estate-atelier.html,6,2,6,industry
bsx-organic-tea-estate-booking.html,6,2,6,industry
bsx-organic-tea-estate-commerce.html,6,2,6,industry
bsx-organic-tea-estate-enterprise.html,6,2,6,industry
bsx-organic-tea-estate-local.html,6,2,6,industry
bsx-organic-tea-estate-magazine.html,6,2,6,industry
bsx-organic-tea-estate-signal.html,6,2,6,industry
bsx-organic-tea-estate-trust.html,6,2,6,industry
bsx-perfume-discovery-house-atelier.html,6,2,6,agency
bsx-perfume-discovery-house-booking.html,6,2,6,agency
bsx-perfume-discovery-house-commerce.html,6,2,6,agency
bsx-perfume-discovery-house-enterprise.html,6,2,6,agency
bsx-perfume-discovery-house-local.html,6,2,6,agency
bsx-perfume-discovery-house-magazine.html,6,2,6,agency
bsx-perfume-discovery-house-signal.html,6,2,6,agency
bsx-perfume-discovery-house-trust.html,6,2,6,agency
bsx-pet-grooming-spa-atelier.html,6,2,6,health
bsx-pet-grooming-spa-booking.html,6,2,6,health
bsx-pet-grooming-spa-commerce.html,6,2,6,health
bsx-pet-grooming-spa-enterprise.html,6,2,6,health
bsx-pet-grooming-spa-local.html,6,2,6,health
bsx-pet-grooming-spa-magazine.html,6,2,6,health
bsx-pet-grooming-spa-signal.html,6,2,6,health
bsx-pet-grooming-spa-trust.html,6,2,6,health
bsx-pharma-cold-storage-atelier.html,6,2,6,agency
bsx-pharma-cold-storage-booking.html,6,2,6,agency
bsx-pharma-cold-storage-commerce.html,6,2,6,agency
bsx-pharma-cold-storage-enterprise.html,6,2,6,agency
bsx-pharma-cold-storage-local.html,6,2,6,agency
bsx-pharma-cold-storage-magazine.html,6,2,6,agency
bsx-pharma-cold-storage-signal.html,6,2,6,agency
bsx-pharma-cold-storage-trust.html,6,2,6,agency
bsx-premium-coworking-club-atelier.html,6,2,6,health
bsx-premium-coworking-club-booking.html,6,2,6,health
bsx-premium-coworking-club-commerce.html,6,2,6,health
bsx-premium-coworking-club-enterprise.html,6,2,6,health
bsx-premium-coworking-club-local.html,6,2,6,health
bsx-premium-coworking-club-magazine.html,6,2,6,health
bsx-premium-coworking-club-signal.html,6,2,6,health
bsx-premium-coworking-club-trust.html,6,2,6,health
bsx-premium-furniture-atelier-atelier.html,6,2,6,real_estate
bsx-premium-furniture-atelier-booking.html,6,2,6,real_estate
bsx-premium-furniture-atelier-commerce.html,6,2,6,real_estate
bsx-premium-furniture-atelier-enterprise.html,6,2,6,real_estate
bsx-premium-furniture-atelier-local.html,6,2,6,real_estate
bsx-premium-furniture-atelier-magazine.html,6,2,6,real_estate
bsx-premium-furniture-atelier-signal.html,6,2,6,real_estate
bsx-premium-furniture-atelier-trust.html,6,2,6,real_estate
bsx-premium-gym-chain-atelier.html,6,2,6,health
bsx-premium-gym-chain-booking.html,6,2,6,health
bsx-premium-gym-chain-commerce.html,6,2,6,health
bsx-premium-gym-chain-enterprise.html,6,2,6,health
bsx-premium-gym-chain-local.html,6,2,6,health
bsx-premium-gym-chain-magazine.html,6,2,6,health
bsx-premium-gym-chain-signal.html,6,2,5,health
bsx-premium-gym-chain-trust.html,6,2,6,health
bsx-premium-salon-suite-atelier.html,6,2,6,beauty
bsx-premium-salon-suite-booking.html,6,2,6,beauty
bsx-premium-salon-suite-commerce.html,6,2,6,beauty
bsx-premium-salon-suite-enterprise.html,6,2,6,beauty
bsx-premium-salon-suite-local.html,6,2,6,beauty
bsx-premium-salon-suite-magazine.html,6,2,6,beauty
bsx-premium-salon-suite-signal.html,6,2,6,beauty
bsx-premium-salon-suite-trust.html,6,2,6,beauty
bsx-premium-stationery-brand-atelier.html,6,2,6,agency
bsx-premium-stationery-brand-booking.html,6,2,6,agency
bsx-premium-stationery-brand-commerce.html,6,2,6,agency
bsx-premium-stationery-brand-enterprise.html,6,2,6,agency
bsx-premium-stationery-brand-local.html,6,2,6,agency
bsx-premium-stationery-brand-magazine.html,6,2,6,agency
bsx-premium-stationery-brand-signal.html,6,2,6,agency
bsx-premium-stationery-brand-trust.html,6,2,6,agency
bsx-private-detective-agency-atelier.html,6,2,6,creative
bsx-private-detective-agency-booking.html,6,2,6,creative
bsx-private-detective-agency-commerce.html,6,2,6,creative
bsx-private-detective-agency-enterprise.html,6,2,6,creative
bsx-private-detective-agency-local.html,6,2,6,creative
bsx-private-detective-agency-magazine.html,6,2,6,creative
bsx-private-detective-agency-signal.html,6,2,6,creative
bsx-private-detective-agency-trust.html,6,2,6,creative
bsx-private-tutoring-collective-atelier.html,6,2,6,agency
bsx-private-tutoring-collective-booking.html,6,2,6,agency
bsx-private-tutoring-collective-commerce.html,6,2,6,agency
bsx-private-tutoring-collective-enterprise.html,6,2,6,agency
bsx-private-tutoring-collective-local.html,6,2,6,agency
bsx-private-tutoring-collective-magazine.html,6,2,6,agency
bsx-private-tutoring-collective-signal.html,6,2,6,agency
bsx-private-tutoring-collective-trust.html,6,2,6,agency
bsx-rainwater-project-company-atelier.html,6,2,6,agency
bsx-rainwater-project-company-booking.html,6,2,6,agency
bsx-rainwater-project-company-commerce.html,6,2,6,agency
bsx-rainwater-project-company-enterprise.html,6,2,6,agency
bsx-rainwater-project-company-local.html,6,2,6,agency
bsx-rainwater-project-company-magazine.html,6,2,6,agency
bsx-rainwater-project-company-signal.html,6,2,6,agency
bsx-rainwater-project-company-trust.html,6,2,6,agency
bsx-rapid-ambulance-network-atelier.html,6,2,6,agency
bsx-rapid-ambulance-network-booking.html,6,2,6,agency
bsx-rapid-ambulance-network-commerce.html,6,2,6,agency
bsx-rapid-ambulance-network-enterprise.html,6,2,6,agency
bsx-rapid-ambulance-network-local.html,6,2,6,agency
bsx-rapid-ambulance-network-magazine.html,6,2,6,agency
bsx-rapid-ambulance-network-signal.html,6,2,6,agency
bsx-rapid-ambulance-network-trust.html,6,2,6,agency
bsx-regional-news-network-atelier.html,6,2,6,agency
bsx-regional-news-network-booking.html,6,2,6,agency
bsx-regional-news-network-commerce.html,6,2,6,agency
bsx-regional-news-network-enterprise.html,6,2,6,agency
bsx-regional-news-network-local.html,6,2,6,agency
bsx-regional-news-network-magazine.html,6,2,6,agency
bsx-regional-news-network-signal.html,6,2,6,agency
bsx-regional-news-network-trust.html,6,2,6,agency
bsx-rera-real-estate-advisory-atelier.html,6,2,6,real_estate
bsx-rera-real-estate-advisory-booking.html,6,2,6,real_estate
bsx-rera-real-estate-advisory-commerce.html,6,2,6,real_estate
bsx-rera-real-estate-advisory-enterprise.html,6,2,6,real_estate
bsx-rera-real-estate-advisory-local.html,6,2,6,real_estate
bsx-rera-real-estate-advisory-magazine.html,6,2,6,real_estate
bsx-rera-real-estate-advisory-signal.html,6,2,6,real_estate
bsx-rera-real-estate-advisory-trust.html,6,2,6,real_estate
bsx-restaurant-franchise-system-atelier.html,6,2,6,food
bsx-restaurant-franchise-system-booking.html,6,2,6,food
bsx-restaurant-franchise-system-commerce.html,6,2,6,food
bsx-restaurant-franchise-system-enterprise.html,6,2,6,food
bsx-restaurant-franchise-system-local.html,6,2,6,food
bsx-restaurant-franchise-system-magazine.html,6,2,6,food
bsx-restaurant-franchise-system-signal.html,6,2,6,food
bsx-restaurant-franchise-system-trust.html,6,2,6,food
bsx-rural-clinic-network-atelier.html,6,2,6,health
bsx-rural-clinic-network-booking.html,6,2,6,health
bsx-rural-clinic-network-commerce.html,6,2,6,health
bsx-rural-clinic-network-enterprise.html,6,2,6,health
bsx-rural-clinic-network-local.html,6,2,6,health
bsx-rural-clinic-network-magazine.html,6,2,6,health
bsx-rural-clinic-network-signal.html,6,2,6,health
bsx-rural-clinic-network-trust.html,6,2,6,health
bsx-school-transport-tracking-atelier.html,6,2,6,education
bsx-school-transport-tracking-booking.html,6,2,6,education
bsx-school-transport-tracking-commerce.html,6,2,6,education
bsx-school-transport-tracking-enterprise.html,6,2,6,education
bsx-school-transport-tracking-local.html,6,2,6,education
bsx-school-transport-tracking-magazine.html,6,2,6,education
bsx-school-transport-tracking-signal.html,6,2,6,education
bsx-school-transport-tracking-trust.html,6,2,6,education
bsx-security-guard-company-atelier.html,6,2,6,agency
bsx-security-guard-company-booking.html,6,2,6,agency
bsx-security-guard-company-commerce.html,6,2,6,agency
bsx-security-guard-company-enterprise.html,6,2,6,agency
bsx-security-guard-company-local.html,6,2,6,agency
bsx-security-guard-company-magazine.html,6,2,6,agency
bsx-security-guard-company-signal.html,6,2,6,agency
bsx-security-guard-company-trust.html,6,2,6,agency
bsx-senior-living-community-atelier.html,6,2,6,agency
bsx-senior-living-community-booking.html,6,2,6,agency
bsx-senior-living-community-commerce.html,6,2,6,agency
bsx-senior-living-community-enterprise.html,6,2,6,agency
bsx-senior-living-community-local.html,6,2,6,agency
bsx-senior-living-community-magazine.html,6,2,6,agency
bsx-senior-living-community-signal.html,6,2,6,agency
bsx-senior-living-community-trust.html,6,2,6,agency
bsx-smart-classroom-hardware-atelier.html,6,2,6,agency
bsx-smart-classroom-hardware-booking.html,6,2,6,agency
bsx-smart-classroom-hardware-commerce.html,6,2,6,agency
bsx-smart-classroom-hardware-enterprise.html,6,2,6,agency
bsx-smart-classroom-hardware-local.html,6,2,6,agency
bsx-smart-classroom-hardware-magazine.html,6,2,6,agency
bsx-smart-classroom-hardware-signal.html,6,2,6,agency
bsx-smart-classroom-hardware-trust.html,6,2,6,agency
bsx-smart-farming-iot-atelier.html,6,2,6,industry
bsx-smart-farming-iot-booking.html,6,2,6,industry
bsx-smart-farming-iot-commerce.html,6,2,6,industry
bsx-smart-farming-iot-enterprise.html,6,2,6,industry
bsx-smart-farming-iot-local.html,6,2,6,industry
bsx-smart-farming-iot-magazine.html,6,2,6,industry
bsx-smart-farming-iot-signal.html,6,2,6,industry
bsx-smart-farming-iot-trust.html,6,2,6,industry
bsx-smart-parking-system-atelier.html,6,2,6,agency
bsx-smart-parking-system-booking.html,6,2,6,agency
bsx-smart-parking-system-commerce.html,6,2,5,agency
bsx-smart-parking-system-enterprise.html,6,2,6,agency
bsx-smart-parking-system-local.html,6,2,5,agency
bsx-smart-parking-system-magazine.html,6,2,6,agency
bsx-smart-parking-system-signal.html,6,2,5,agency
bsx-smart-parking-system-trust.html,6,2,6,agency
bsx-solar-warehouse-power-atelier.html,6,2,6,industry
bsx-solar-warehouse-power-booking.html,6,2,6,industry
bsx-solar-warehouse-power-commerce.html,6,2,6,industry
bsx-solar-warehouse-power-enterprise.html,6,2,6,industry
bsx-solar-warehouse-power-local.html,6,2,6,industry
bsx-solar-warehouse-power-magazine.html,6,2,6,industry
bsx-solar-warehouse-power-signal.html,6,2,6,industry
bsx-solar-warehouse-power-trust.html,6,2,6,industry
bsx-soundproof-podcast-studio-atelier.html,6,2,6,creative
bsx-soundproof-podcast-studio-booking.html,6,2,6,creative
bsx-soundproof-podcast-studio-commerce.html,6,2,6,creative
bsx-soundproof-podcast-studio-enterprise.html,6,2,6,creative
bsx-soundproof-podcast-studio-local.html,6,2,6,creative
bsx-soundproof-podcast-studio-magazine.html,6,2,6,creative
bsx-soundproof-podcast-studio-signal.html,6,2,6,creative
bsx-soundproof-podcast-studio-trust.html,6,2,6,creative
bsx-spiritual-yoga-ashram-atelier.html,6,2,6,health
bsx-spiritual-yoga-ashram-booking.html,6,2,6,health
bsx-spiritual-yoga-ashram-commerce.html,6,2,6,health
bsx-spiritual-yoga-ashram-enterprise.html,6,2,6,health
bsx-spiritual-yoga-ashram-local.html,6,2,6,health
bsx-spiritual-yoga-ashram-magazine.html,6,2,6,health
bsx-spiritual-yoga-ashram-signal.html,6,2,6,health
bsx-spiritual-yoga-ashram-trust.html,6,2,6,health
bsx-sports-injury-rehab-atelier.html,6,2,6,health
bsx-sports-injury-rehab-booking.html,6,2,6,health
bsx-sports-injury-rehab-commerce.html,6,2,6,health
bsx-sports-injury-rehab-enterprise.html,6,2,6,health
bsx-sports-injury-rehab-local.html,6,2,6,health
bsx-sports-injury-rehab-magazine.html,6,2,5,health
bsx-sports-injury-rehab-signal.html,6,2,6,health
bsx-sports-injury-rehab-trust.html,6,2,6,health
bsx-startup-grant-advisory-atelier.html,6,2,6,agency
bsx-startup-grant-advisory-booking.html,6,2,6,agency
bsx-startup-grant-advisory-commerce.html,6,2,6,agency
bsx-startup-grant-advisory-enterprise.html,6,2,6,agency
bsx-startup-grant-advisory-local.html,6,2,6,agency
bsx-startup-grant-advisory-magazine.html,6,2,6,agency
bsx-startup-grant-advisory-signal.html,6,2,6,agency
bsx-startup-grant-advisory-trust.html,6,2,6,agency
bsx-telecom-tower-services-atelier.html,6,2,6,agency
bsx-telecom-tower-services-booking.html,6,2,6,agency
bsx-telecom-tower-services-commerce.html,6,2,6,agency
bsx-telecom-tower-services-enterprise.html,6,2,6,agency
bsx-telecom-tower-services-local.html,6,2,6,agency
bsx-telecom-tower-services-magazine.html,6,2,6,agency
bsx-telecom-tower-services-signal.html,6,2,6,agency
bsx-telecom-tower-services-trust.html,6,2,6,agency
bsx-textile-export-house-atelier.html,6,2,6,agency
bsx-textile-export-house-booking.html,6,2,6,agency
bsx-textile-export-house-commerce.html,6,2,6,agency
bsx-textile-export-house-enterprise.html,6,2,6,agency
bsx-textile-export-house-local.html,6,2,6,agency
bsx-textile-export-house-magazine.html,6,2,6,agency
bsx-textile-export-house-signal.html,6,2,6,agency
bsx-textile-export-house-trust.html,6,2,6,agency
bsx-urban-rooftop-cafe-atelier.html,6,2,6,food
bsx-urban-rooftop-cafe-booking.html,6,2,6,food
bsx-urban-rooftop-cafe-commerce.html,6,2,6,food
bsx-urban-rooftop-cafe-enterprise.html,6,2,6,food
bsx-urban-rooftop-cafe-local.html,6,2,6,food
bsx-urban-rooftop-cafe-magazine.html,6,2,6,food
bsx-urban-rooftop-cafe-signal.html,6,2,6,food
bsx-urban-rooftop-cafe-trust.html,6,2,6,food
bsx-vfx-compositing-house-atelier.html,6,2,6,agency
bsx-vfx-compositing-house-booking.html,6,2,6,agency
bsx-vfx-compositing-house-commerce.html,6,2,6,agency
bsx-vfx-compositing-house-enterprise.html,6,2,6,agency
bsx-vfx-compositing-house-local.html,6,2,6,agency
bsx-vfx-compositing-house-magazine.html,6,2,6,agency
bsx-vfx-compositing-house-signal.html,6,2,6,agency
bsx-vfx-compositing-house-trust.html,6,2,6,agency
bsx-virtual-interior-designer-atelier.html,6,2,6,real_estate
bsx-virtual-interior-designer-booking.html,6,2,6,real_estate
bsx-virtual-interior-designer-commerce.html,6,2,6,real_estate
bsx-virtual-interior-designer-enterprise.html,6,2,5,real_estate
bsx-virtual-interior-designer-local.html,6,2,6,real_estate
bsx-virtual-interior-designer-magazine.html,6,2,6,real_estate
bsx-virtual-interior-designer-signal.html,6,2,6,real_estate
bsx-virtual-interior-designer-trust.html,6,2,6,real_estate
bsx-warehouse-automation-saas-atelier.html,6,2,6,auto
bsx-warehouse-automation-saas-booking.html,6,2,6,auto
bsx-warehouse-automation-saas-commerce.html,6,2,6,auto
bsx-warehouse-automation-saas-enterprise.html,6,2,6,auto
bsx-warehouse-automation-saas-local.html,6,2,6,auto
bsx-warehouse-automation-saas-magazine.html,6,2,6,auto
bsx-warehouse-automation-saas-signal.html,6,2,6,auto
bsx-warehouse-automation-saas-trust.html,6,2,6,auto
bsx-water-purification-company-atelier.html,6,2,6,agency
bsx-water-purification-company-booking.html,6,2,6,agency
bsx-water-purification-company-commerce.html,6,2,6,agency
bsx-water-purification-company-enterprise.html,6,2,6,agency
bsx-water-purification-company-local.html,6,2,6,agency
bsx-water-purification-company-magazine.html,6,2,6,agency
bsx-water-purification-company-signal.html,6,2,6,agency
bsx-water-purification-company-trust.html,6,2,6,agency
bsx-whatsapp-crm-platform-atelier.html,6,2,6,tech
bsx-whatsapp-crm-platform-booking.html,6,2,6,tech
bsx-whatsapp-crm-platform-commerce.html,6,2,6,tech
bsx-whatsapp-crm-platform-enterprise.html,6,2,6,tech
bsx-whatsapp-crm-platform-local.html,6,2,6,tech
bsx-whatsapp-crm-platform-magazine.html,6,2,6,tech
bsx-whatsapp-crm-platform-signal.html,6,2,6,tech
bsx-whatsapp-crm-platform-trust.html,6,2,6,tech
business-consultant.html,4,4,4,agency
ca-firm.html,4,4,4,agency
car-detailing.html,13,13,11,auto
car-rental.html,4,4,4,auto
catering-service.html,4,4,4,agency
chemical-supplier.html,4,4,4,agency
civil-contractor.html,4,4,4,agency
cleaning-service.html,4,4,4,agency
cloud-kitchen.html,4,4,4,food
cloud-services.html,4,4,4,tech
coaching-institute.html,4,4,4,education
coffee-brand.html,4,4,4,food
college-website.html,4,4,4,education
construction-premium.html,4,4,4,real_estate
construction.html,4,4,4,real_estate
corporate-events.html,4,4,4,industry
cosmetics.html,4,4,4,beauty
courier-service.html,4,4,4,industry
coworking-space.html,4,4,4,health
crm-software.html,4,4,4,tech
crypto-education.html,4,4,4,education
cybersecurity-saas.html,4,4,4,tech
cybersecurity.html,4,4,4,tech
dance-academy.html,4,4,4,education
data-analytics.html,4,4,4,tech
dental-clinic.html,2,2,2,health
dermatology-clinic.html,4,4,4,health
diagnostic-lab.html,4,4,4,agency
diamond-jewellery.html,4,4,4,luxury
digital-marketing-agency.html,4,4,4,creative
domain-provider.html,4,4,4,agency
driving-school.html,4,4,4,education
edtech-platform.html,4,4,4,tech
education-academy.html,4,4,4,education
electrician-service.html,4,4,4,agency
electronics-ecommerce.html,4,4,4,agency
electronics-store.html,4,4,4,agency
ev-showroom.html,4,4,4,auto
event-planner.html,4,4,4,industry
export-business.html,4,4,4,agency
export-logistics.html,4,4,4,industry
eye-clinic.html,4,4,4,health
fashion-brand.html,17,16,16,beauty
fashion-ecommerce.html,4,4,4,beauty
fertility-clinic.html,4,4,4,health
financial-advisor.html,4,4,4,agency
fintech-app.html,4,4,4,finance
fitness-coach.html,6,6,6,health
flower-shop.html,4,4,4,agency
flux-mobile.html,4,4,4,agency
furniture-ecommerce.html,4,4,4,real_estate
furniture.html,4,4,4,real_estate
gaming-esports-team.html,4,4,4,health
gaming-studio.html,4,4,4,creative
graphic-design-studio.html,4,4,4,creative
grocery-delivery.html,4,4,4,agency
home-decor-store.html,4,4,4,real_estate
homeopathy-clinic.html,4,4,4,health
homestay.html,4,4,4,travel
hostel.html,4,4,4,agency
hosting-company.html,4,4,4,agency
hotel-resort.html,4,4,4,travel
hr-consultancy.html,4,4,4,agency
ice-cream-parlour.html,4,4,4,agency
immigration-consultant.html,4,4,4,agency
influencer-marketing.html,4,4,4,creative
influencer-portfolio.html,4,4,4,agency
insurance-agency.html,4,4,4,finance
interior-design.html,4,4,4,real_estate
interior-luxury-studio.html,4,4,4,real_estate
it-support.html,4,4,4,agency
jewellery-bridal.html,4,4,4,luxury
jewellery-ecommerce.html,4,4,4,luxury
jewellery-minimal.html,4,4,4,luxury
jewellery.html,8,8,8,luxury
juice-bar.html,4,4,4,food
kidswear-brand.html,4,4,4,agency
landscape-design.html,4,4,4,creative
language-school.html,4,4,4,education
laundry-service.html,4,4,4,agency
law-firm.html,4,4,4,legal
legal-consultant.html,4,4,4,legal
lighting-store.html,4,4,4,real_estate
loan-consultant.html,4,4,4,finance
logistics.html,4,4,4,industry
lumiere-cosmetics.html,7,7,7,beauty
luxury-restaurant.html,3,3,3,food
luxury-spa-resort.html,4,4,4,health
luxury-villa-rental.html,4,4,4,luxury
makeup-artist.html,4,4,4,beauty
marketing-agency.html,4,4,4,creative
maternity-hospital.html,4,4,4,health
medical-spa.html,7,7,7,health
menswear-brand.html,4,4,4,agency
mental-wellness.html,4,4,4,health
meridian-hospital.html,6,6,6,health
mobile-store.html,4,4,4,agency
modular-kitchen.html,4,4,4,real_estate
moving-packers.html,4,4,4,agency
music-artist.html,4,4,4,agency
music-school.html,4,4,4,education
nail-studio.html,4,4,4,creative
ngo.html,4,4,4,social
noir-clothing.html,22,22,21,beauty
notary-service.html,4,4,4,agency
nutritionist.html,4,4,4,agency
online-course-creator.html,4,4,4,education
optical-store.html,4,4,4,agency
organic-food-store.html,4,4,4,food
orthopedic-clinic.html,4,4,4,health
packaging-company.html,4,4,4,industry
perfume-brand.html,4,4,4,agency
pest-control.html,4,4,4,agency
pet-care.html,4,4,4,health
pg-hostel.html,4,4,4,agency
pharmacy-store.html,4,4,4,agency
photobooth-service.html,4,4,4,creative
photographer.html,4,4,4,creative
physiotherapy-centre.html,4,4,4,tech
pizza-brand.html,4,4,4,agency
plumbing-service.html,4,4,4,agency
podcast-studio.html,4,4,4,creative
pr-agency.html,4,4,4,creative
premium-gift-store.html,4,4,4,agency
preschool.html,4,4,4,education
printing-press.html,4,4,4,agency
property-management.html,4,4,4,real_estate
real-estate-broker.html,4,4,4,real_estate
real-estate-premium.html,4,4,4,real_estate
real-estate.html,5,5,5,real_estate
recruitment-agency.html,4,4,4,creative
repair-service.html,4,4,4,agency
roofing-company.html,4,4,4,agency
saas-startup.html,4,4,4,tech
salon.html,7,7,7,beauty
saree-store.html,4,4,4,agency
school-website.html,4,4,4,education
security-agency.html,4,4,4,creative
seo-agency.html,4,4,4,creative
sneaker-store.html,4,4,4,agency
social-media-agency.html,4,4,4,social
software-company.html,4,4,4,tech
solar-company.html,4,4,4,industry
sports-academy.html,4,4,4,education
sports-store.html,4,4,4,health
steel-supplier.html,4,4,4,agency
stock-trading-coach.html,4,4,4,agency
streetwear-brand.html,4,4,4,agency
sweet-shop.html,4,4,4,agency
tax-consultant.html,4,4,4,finance
taxi-service.html,4,4,4,finance
tea-brand.html,4,4,4,agency
tent-house.html,4,4,4,agency
textile-manufacturer.html,4,4,4,industry
theatre-group.html,4,4,4,agency
tiles-showroom.html,4,4,4,auto
toy-store.html,4,4,4,agency
travel-agency.html,4,4,4,travel
upsc-coaching.html,4,4,4,education
vegan-cafe.html,4,4,4,food
veterinary-clinic.html,4,4,4,health
video-production.html,4,4,4,creative
warehouse-logistics.html,4,4,4,industry
watch-brand.html,4,4,4,luxury
website-design-agency.html,4,4,4,creative
wedding-photography.html,7,7,7,events
wedding-planner-luxury.html,4,4,4,luxury
yoga-studio.html,4,4,4,health
